taxonId,scientificName,taxonRank,family,genus,specificEpithet,speciesCitation,infraspecificEpithet,infraspecificCitation,comments
24,Tamarix gallica L.,species,,Tamarix,gallica,L.,,,
24,Tamarix smyrnensis Bunge,species,,Tamarix,smyrnensis,Bunge,,,
24,Myricaria germanica Desvaux.,species,,Myricaria,germanica,Desvaux.,,,
28,Limonium vulgare ssp. serotinum Reichenb.,subspecies,,Limonium,vulgare,,serotinum,Reichenb.,(=Statice gmelina Koch)
35,Limonium vulgare Miller.,species,,Limonium,vulgare,Miller.,,,
35,Limonium binervosum ssp. binervosum (G. E. Sm.) Salmon,subspecies,,Limonium,binervosum,,binervosum,(G. E. Sm.) Salmon,
37,Limonium,genus,,Limonium,,,,,
39,Limonium vulgare Miller,species,,Limonium,vulgare,Miller,,,
39,Limonium binervosum (G. E. Sm.) Salmon.,species,,Limonium,binervosum,(G. E. Sm.) Salmon.,,,
39,Limonium obtusifolium (Rouy) Erben,species,,Limonium,obtusifolium,(Rouy) Erben,,,
39,Limonium virgatum (Willd.) Fourr.,species,,Limonium,virgatum,(Willd.) Fourr.,,,
39,Limonium cordatum Miller,species,,Limonium,cordatum,Miller,,,
39,Limonium pectinatum (Aiton) O. Kuntze.,species,,Limonium,pectinatum,(Aiton) O. Kuntze.,,,
47,Salsola oppositifolia Desfontaines.,species,,Salsola,oppositifolia,Desfontaines.,,,
52,Atriplex portulacoides L.,species,,Atriplex,portulacoides,L.,,,
52,Euphorbia pithyusa L.,species,,Euphorbia,pithyusa,L.,,,
52,Frankenia,genus,,Frankenia,,,,,
58,Artemisia campestris L.,species,,Artemisia,campestris,L.,,,
58,Artemisia scoparia W.K.,species,,Artemisia,scoparia,W.K.,,,
58,Chenopodium fruticosum L.,species,,Chenopodium,fruticosum,L.,,,
58,Erica cinerea L.,species,,Erica,cinerea,L.,,,
58,Santolina chamaecyparissus L.,species,,Santolina,chamaecyparissus,L.,,,
63,Atriplex halimus L.,species,,Atriplex,halimus,L.,,,
63,Stachys glutinosa L.,species,,Stachys,glutinosa,L.,,,
63,Euphorbia spinosa L.,species,,Euphorbia,spinosa,L.,,,
66,Scabiosa candicans Jordan,species,,Scabiosa,candicans,Jordan,,,
66,Scabiosa pyrenaica All.,species,,Scabiosa,pyrenaica,All.,,,
66,Scleranthus,genus,,Scleranthus,,,,,
66,Limoniastrum monopetalum Boissier,species,,Limoniastrum,monopetalum,Boissier,,,
72,Frankenia,genus,,Frankenia,,,,,
72,Limonium minutum (L.) Fourr.,species,,Limonium,minutum,(L.) Fourr.,,,
80,Limonium gmelini (Willd.),species,,Limonium,gmelini,(Willd.),,,
86,Limonium eugeniae Sennen.,species,,Limonium,eugeniae,Sennen.,,,
92,Limoniastrum monopetalum Boissier.,species,,Limoniastrum,monopetalum,Boissier.,,,
98,Limonium vulgare Miller,species,,Limonium,vulgare,Miller,,,
98,Limonium ramoissimum ssp. confusum (Gren. & Godron),subspecies,,Limonium,ramoissimum,,confusum,(Gren. & Godron),
98,Limonium virgatum (Willd.) Fourr.,species,,Limonium,virgatum,(Willd.) Fourr.,,,
102,Frankenia ericifolia C. Sm. ex DC.,species,,Frankenia,ericifolia,C. Sm. ex DC.,,,
182,Limoniastrum guyonianum Dur. ex Boiss. in DC.,species,,Limoniastrum,guyonianum,Dur. ex Boiss. in DC.,,,
271,Ipomaea batatas L.,species,,Ipomaea,batatas,L.,,,
281,Ipomaea batates,species,,Ipomaea,batates,,,,
283,Argyreia,genus,,Argyreia,,,,,
283,Lantana,genus,,Lantana,,,,,
287,Ipomaea batatas Lam.,species,,Ipomaea,batatas,Lam.,,,
305,Merremia peltata,species,,Merremia,peltata,,,,
313,Ipomoea batatas,species,,Ipomoea,batatas,,,,
313,Argyreia speciosa,species,,Argyreia,speciosa,,,,
313,Lantana camara,species,,Lantana,camara,,,,
358,Vitis lanata Roxburgh,species,,Vitis,lanata,Roxburgh,,,
358,Vitis quadrangularis (L.) Wall.,species,,Vitis,quadrangularis,(L.) Wall.,,,
358,Vitis trifolia L.,species,,Vitis,trifolia,L.,,,
358,Vitis quinquangularis,species,,Vitis,quinquangularis,,,,
358,Columella trifolia,species,,Columella,trifolia,,,,
366,Vitis,genus,,Vitis,,,,,
380,Leea sambucine Willd.,species,,Leea,sambucine,Willd.,,,
385,Leea sambucina,species,,Leea,sambucina,,,,
391,Cissus quadrangularis,species,,Cissus,quadrangularis,,,,
393,Vitis thunbergii Sieb. & Zucc.,species,,Vitis,thunbergii,Sieb. & Zucc.,,,
393,Vitis vinifera L.,species,,Vitis,vinifera,L.,,,
393,Ampelopsis brevipedunculata Trautv.,species,,Ampelopsis,brevipedunculata,Trautv.,,,
408,Leea indica Merrill.,species,,Leea,indica,Merrill.,,,
431,Desmodium racemosum DC.,species,,Desmodium,racemosum,DC.,,,
469,Helichrysum arenarium L.,species,,Helichrysum,arenarium,L.,,,
469,Antennaria dioica L.,species,,Antennaria,dioica,L.,,,
475,Senecio vernalis W. & K.,species,,Senecio,vernalis,W. & K.,,,
475,Senecio viscosus L.,species,,Senecio,viscosus,L.,,,
475,Senecio cruentus DC.,species,,Senecio,cruentus,DC.,,,
475,Erigeron canadensis L.,species,,Erigeron,canadensis,L.,,,
475,Erigeron linifolius Willd.,species,,Erigeron,linifolius,Willd.,,,
475,Calendula arvensis L.,species,,Calendula,arvensis,L.,,,
475,Calendula officinalis L.,species,,Calendula,officinalis,L.,,,
475,Callistephus chinensis Nees,species,,Callistephus,chinensis,Nees,,,
475,Centaurea cyanusL,species,,Centaurea,cyanusL,,,,
475,Dahlia pinnata Cav.,species,,Dahlia,pinnata,Cav.,,,
475,Emilia flammea Cass.,species,,Emilia,flammea,Cass.,,,
475,Helichrysium bracteatum Willd.,species,,Helichrysium,bracteatum,Willd.,,,
475,Teucrium tomentosum,species,,Teucrium,tomentosum,,,,records from India
482,Senecio fuchsii Gmelin,species,,Senecio,fuchsii,Gmelin,,,
482,Senecio fluviatilis Wallr.,species,,Senecio,fluviatilis,Wallr.,,,
482,Senecio sarracenicus L.,species,,Senecio,sarracenicus,L.,,,
482,Senecio nemorensis L.,species,,Senecio,nemorensis,L.,,,
487,Tussilago farfarae L.,species,,Tussilago,farfarae,L.,,,
487,Petasites,genus,,Petasites,,,,,Probable
496,Solidago virgaurea L.,species,,Solidago,virgaurea,L.,,,
496,Senecio nemoï¿½rensis L.,species,,Senecio,nemoï¿½rensis,L.,,,
496,Senecio sylï¿½vaticus L.,species,,Senecio,sylï¿½vaticus,L.,,,
496,Doroniï¿½cum,genus,,Doroniï¿½cum,,,,,
496,Erigeron acer ssp. politus Fries,subspecies,,Erigeron,acer,,politus,Fries,
503,Senecio,genus,,Senecio,,,,,
506,Senecio,genus,,Senecio,,,,,
506,Senecio aquaticus Hudson,species,,Senecio,aquaticus,Hudson,,,
506,Senecio nemorensis L.,species,,Senecio,nemorensis,L.,,,
506,Senecio jacobeae L.,species,,Senecio,jacobeae,L.,,,
514,Anaphalis margaritacea Benth. & Hook.,species,,Anaphalis,margaritacea,Benth. & Hook.,,,Probable
523,Senecio nemorensis Linn.,species,,Senecio,nemorensis,Linn.,,,
540,Cacalia coccinea,species,,Cacalia,coccinea,,,,
563,Begonia,genus,,Begonia,,,,,
568,Parahebe perfoliata,species,,Parahebe,perfoliata,,,,
591,Helenium bigelovii,species,,Helenium,bigelovii,,,,
591,Erigeron,genus,,Erigeron,,,,,
595,Grindelia robusta,species,,Grindelia,robusta,,,,
595,Erigeron glaucus,species,,Erigeron,glaucus,,,,
595,Calendula,genus,,Calendula,,,,,
595,Achillae millefolium,species,,Achillae,millefolium,,,,
595,Chrysanthemum,genus,,Chrysanthemum,,,,,
595,Eriophyllum staechadifolium,species,,Eriophyllum,staechadifolium,,,,
595,Eriophyllum confertiflorum,species,,Eriophyllum,confertiflorum,,,,
595,Cynara scolymus,species,,Cynara,scolymus,,,,
595,Tanacetum camphoratum,species,,Tanacetum,camphoratum,,,,
595,Layia hieraciodes,species,,Layia,hieraciodes,,,,
595,Artemisia vulgaris,species,,Artemisia,vulgaris,,,,
595,Artemisia douglasiana,species,,Artemisia,douglasiana,,,,
595,Gnaphalium decurrens,species,,Gnaphalium,decurrens,,,,
595,Franseria bipinnatifida,species,,Franseria,bipinnatifida,,,,
595,Senecio aronicoides,species,,Senecio,aronicoides,,,,
595,Senecio blochmanae,species,,Senecio,blochmanae,,,,
595,Anaphalis margaritacea,species,,Anaphalis,margaritacea,,,,
603,Cirsium,genus,,Cirsium,,,,,
603,Cirsium lanceolatum,species,,Cirsium,lanceolatum,,,,(= vulgare (Sari))
603,Cirsium edule,species,,Cirsium,edule,,,,
603,Cirsium occidentale,species,,Cirsium,occidentale,,,,
603,Cirsium quercetorum,species,,Cirsium,quercetorum,,,,
603,Cirsium discolor,species,,Cirsium,discolor,,,,
603,Cirsium undulatum,species,,Cirsium,undulatum,,,,
603,Cirsium arvense,species,,Cirsium,arvense,,,,
603,Cirsium americanum,species,,Cirsium,americanum,,,,
603,Cynara scolymus L.,species,,Cynara,scolymus,L.,,,
603,Cynara cardunculus,species,,Cynara,cardunculus,,,,
603,Centaurea melitensis,species,,Centaurea,melitensis,,,,
603,Silybum marianum,species,,Silybum,marianum,,,,
616,Baccharis latofolia (Ruiz & Pav.) Pers.,species,Asteraceae,Baccharis,latofolia,(Ruiz & Pav.) Pers.,,,
639,Emilia citrina,species,,Emilia,citrina,,,,
639,Cosmos,genus,,Cosmos,,,,,
651,Calendula,genus,,Calendula,,,,,
651,Emilia citrina,species,,Emilia,citrina,,,,
728,Scabiosa ochroleuca L.,species,,Scabiosa,ochroleuca,L.,,,
752,Achillea ptarmica L.,species,,Achillea,ptarmica,L.,,,
752,Achillea millefolium L.,species,,Achillea,millefolium,L.,,,
752,Tanacetum vulgare L.,species,,Tanacetum,vulgare,L.,,,
765,Tanacetum vulgare L.,species,,Tanacetum,vulgare,L.,,,
778,Ageratum conyzoï¿½des,species,,Ageratum,conyzoï¿½des,,,,
778,Lantana,genus,,Lantana,,,,,
778,Salvia spathacea,species,,Salvia,spathacea,,,,
778,Salvia dorrii,species,,Salvia,dorrii,,,,
778,Salvia mellifera,species,,Salvia,mellifera,,,,
778,Salvia carnosa,species,,Salvia,carnosa,,,,
778,Salvia cultivar,species,,Salvia,cultivar,,,,
778,Agastache urticifolia,species,,Agastache,urticifolia,,,,
778,Scrophularia californica,species,,Scrophularia,californica,,,,
778,Mentha spicata,species,,Mentha,spicata,,,,
778,Sphacele calycina,species,,Sphacele,calycina,,,,
778,Pycnanthemum californicum,species,,Pycnanthemum,californicum,,,,
778,Monardella odoratissima,species,,Monardella,odoratissima,,,,
778,Monardella vollosa,species,,Monardella,vollosa,,,,
787,Lantana camera L.,species,,Lantana,camera,L.,,,
787,ï¿½,genus,,ï¿½,,L. peduncularis,,,
787,L. indica,species,,L.,indica,,,,
787,L. involucrata,species,,L.,involucrata,,,,
787,Lippia alba,species,,Lippia,alba,,,,
787,Phyla nodiflora (L.) Green,species,,Phyla,nodiflora,(L.) Green,,,
787,Phyla lanceolata,species,,Phyla,lanceolata,,,,
787,Caperonia palustris,species,,Caperonia,palustris,,,,
787,Mentha,genus,,Mentha,,,,,
787,Utricularia,genus,,Utricularia,,,,,
798,Spergulaï¿½ria media L.,species,,Spergulaï¿½ria,media,L.,,,(=S. marginata Kitt)ï¿½
798,Spergulaï¿½ria maritima,species,,Spergulaï¿½ria,maritima,,,,
798,Spergulaï¿½ria salina,species,,Spergulaï¿½ria,salina,,,,
798,Antirrhinum majus,species,,Antirrhinum,majus,,,,
798,Clinopodium vulï¿½gare L.,species,,Clinopodium,vulï¿½gare,L.,,,
798,Vacï¿½cinium,genus,,Vacï¿½cinium,,,,,
798,Campylanï¿½thus salsoloides Roth,species,,Campylanï¿½thus,salsoloides,Roth,,,
798,Centipeda minima O. Kuntze,species,,Centipeda,minima,O. Kuntze,,,
798,Plectranthus,genus,,Plectranthus,,,,,
798,Pentstemon,genus,,Pentstemon,,,,,
798,Mecardonia acuminata (Walt.) Small,species,,Mecardonia,acuminata,(Walt.) Small,,,
798,Phyla lanceolata,species,,Phyla,lanceolata,,,,
798,Celsia coromandeliana,species,,Celsia,coromandeliana,,,,
798,Limnophila heterophylla Benth.,species,,Limnophila,heterophylla,Benth.,,,
798,Limnophila sessiliflora,species,,Limnophila,sessiliflora,,,,
798,Veronica anagallis L.,species,,Veronica,anagallis,L.,,,
798,Russelia equistiformis Schlecht. & Cham.,species,,Russelia,equistiformis,Schlecht. & Cham.,,,
798,Hypoestes betsiliensis,species,,Hypoestes,betsiliensis,,,,
798,Ocimum,genus,,Ocimum,,,,,
798,Scutellaria discolor,species,,Scutellaria,discolor,,,,
798,Samolus,genus,,Samolus,,,,,
798,Striga asiatica,species,,Striga,asiatica,,,,
798,Striga densiflora,species,,Striga,densiflora,,,,
798,Sabatia,genus,,Sabatia,,,,,
798,Hydrolea,genus,,Hydrolea,,,,,
807,Coutoubea spicata,species,,Coutoubea,spicata,,,,
807,Capraria biflora,species,,Capraria,biflora,,,,
812,Mentha,genus,,Mentha,,,,,
840,Antirrhinum,genus,,Antirrhinum,,,,,
842,Geranium cariolinianum ssp. australe,subspecies,,Geranium,cariolinianum,,australe,,
842,Vaccinium penduliflorum,species,,Vaccinium,penduliflorum,,,,
842,Vaccinium reticulatum,species,,Vaccinium,reticulatum,,,,
868,Gentiana lutea L.,species,,Gentiana,lutea,L.,,,
868,Gentiana verna L.,species,,Gentiana,verna,L.,,,
868,Gentiana clusii Perr. & Song,species,,Gentiana,clusii,Perr. & Song,,,
868,Gentiana asclepiadea L.,species,,Gentiana,asclepiadea,L.,,,
868,Gentiana pneumonanthe L.,species,,Gentiana,pneumonanthe,L.,,,
870,Gentiana pneumonanthe L.,species,,Gentiana,pneumonanthe,L.,,,
870,Gentiana cruciata L.,species,,Gentiana,cruciata,L.,,,
874,Veronica chamaedrys L.,species,,Veronica,chamaedrys,L.,,,
883,Veronica longifolia L.,species,,Veronica,longifolia,L.,,,
888,Knautia arvensis L.,species,,Knautia,arvensis,L.,,,
888,Scabiosa columbaria L.,species,,Scabiosa,columbaria,L.,,,
888,Scabiosa pyrenaica Allioni,species,,Scabiosa,pyrenaica,Allioni,,,
888,Scabiosa arvensis L.,species,,Scabiosa,arvensis,L.,,,
888,Scabiosa lucida Villiers,species,,Scabiosa,lucida,Villiers,,,
888,Linaria vulgaris Miller,species,,Linaria,vulgaris,Miller,,,
888,Linaria cymbalaria Mill.,species,,Linaria,cymbalaria,Mill.,,,
888,Succisa pratensis Moench.,species,,Succisa,pratensis,Moench.,,,
888,Misopates oronï¿½tium L.,species,,Misopates,oronï¿½tium,L.,,,(=Antirrhinum)
888,Galium mollugo L.,species,,Galium,mollugo,L.,,,
888,Saxifraga granulata L.,species,,Saxifraga,granulata,L.,,,
888,Euphrasia,genus,,Euphrasia,,,,,
888,Scutellaria galericulata L.,species,,Scutellaria,galericulata,L.,,,
888,Gentiana asclepiadea L.,species,,Gentiana,asclepiadea,L.,,,
888,Coris monspeliensis L.,species,,Coris,monspeliensis,L.,,,
888,Globularia alypum L.,species,,Globularia,alypum,L.,,,
899,Succisa pratensis Moench,species,,Succisa,pratensis,Moench,,,
899,Erinus alpinus L.,species,,Erinus,alpinus,L.,,,
899,Linaria origanifolia DC.,species,,Linaria,origanifolia,DC.,,,
899,Antirrhinum orontium L.,species,,Antirrhinum,orontium,L.,,,
899,Coris monspeliensis L.,species,,Coris,monspeliensis,L.,,,
909,Scabiosa atropurpurea L.,species,,Scabiosa,atropurpurea,L.,,,
917,Scabiosa columbaria L.,species,,Scabiosa,columbaria,L.,,,
920,Saxifraga exarata Vill.,species,,Saxifraga,exarata,Vill.,,,
920,Saxifraga granulata L.,species,,Saxifraga,granulata,L.,,,
920,S. bryoides L.,species,,Saxifraga,bryoides,L.,,,
920,S. pedemontana All. ssp. cervicornis (Viv.),subspecies,,Saxifraga,pedemontana,All.,cervicornis,(Viv.),
920,S. moschata Wulfen,species,,Saxifraga,moschata,Wulfen,,,
920,S. nervosa Lapeyr.,species,,Saxifraga,nervosa,Lapeyr.,,,
920,S. prostii Sternb.,species,,Saxifraga,prostii,Sternb.,,,
920,S. aquatica Lapeyr.,species,,Saxifraga,aquatica,Lapeyr.,,,
920,S. geranioides L.,species,,Saxifraga,geranioides,L.,,,
920,Plantago sempervirens Crantz.,species,,Plantago,sempervirens,Crantz.,,,
920,Globularia,genus,,Globularia,,,,,
920,Gentiana verna L.,species,,Gentiana,verna,L.,,,
920,Gentiana acaulis L.,species,,Gentiana,acaulis,L.,,,(= G. kochiana Perr. & Song.)
934,Saxifraga continentalis Engler & Irmescher,species,,Saxifraga,continentalis,Engler & Irmescher,,,
934,Saxifraga granulata L.,species,,Saxifraga,granulata,L.,,,
934,Saxifraga hypnoides L.,species,,Saxifraga,hypnoides,L.,,,
937,Saxifraga caespitosa L.,species,,Saxifraga,caespitosa,L.,,,
937,Saxifraga adscendens L.,species,,Saxifraga,adscendens,L.,,,
942,Gentiana verna L.,species,,Gentiana,verna,L.,,,
942,Gentiana clusii Perr. & Song.,species,,Gentiana,clusii,Perr. & Song.,,,
942,Gentiana acaulis L.,species,,Gentiana,acaulis,L.,,,(= G. kochiana Perr. & Song.)
942,Gentiana lutea L,species,,Gentiana,lutea,L,,,
948,Gratiola officinalis L.,species,,Gratiola,officinalis,L.,,,
954,Gentiana lutea L.,species,,Gentiana,lutea,L.,,,
960,Nepeta nepetella L.,species,,Nepeta,nepetella,L.,,,
960,Nepeta agrestis Loisel.,species,,Nepeta,agrestis,Loisel.,,,
967,Thymus vulgaris L.,species,,Thymus,vulgaris,L.,,,
967,Scabiosa ochroleuca L.,species,,Scabiosa,ochroleuca,L.,,,
967,Scabiosa lucida Vill.,species,,Scabiosa,lucida,Vill.,,,
967,Knautia arvensis (L.),species,,Knautia,arvensis,(L.),,,
974,Centaurium erythraea Rafn.,species,,Centaurium,erythraea,Rafn.,,,(=C. minus Mï¿½nch)
974,Centaurium umbellatum Gilib.,species,,Centaurium,umbellatum,Gilib.,,,
974,Centaurium littoralis (D.Turner) Gilmour,species,,Centaurium,littoralis,(D.Turner) Gilmour,,,
974,Centaurium pulchellum,species,,Centaurium,pulchellum,,,,
974,Blackstonia perfoliata (L.) Hudson,species,,Blackstonia,perfoliata,(L.) Hudson,,,
974,Gentianella germanica Willd.,species,,Gentianella,germanica,Willd.,,,
974,Gentianella diemensis,species,,Gentianella,diemensis,,,,
974,Gentiana lutea,species,,Gentiana,lutea,,,,
974,Erythraea venusta A. Gray.,species,,Erythraea,venusta,A. Gray.,,,
974,Sopubia trifida,species,,Sopubia,trifida,,,,
974,Blumea balsamifera,species,,Blumea,balsamifera,,,,
1030,Veronicastrum sibricum Pennel var. japonicum Hara.,variety,,Veronicastrum,sibricum,Pennel,japonicum,Hara.,Probable
1048,Gentiana quinquefolia,species,,Gentiana,quinquefolia,,,,
1099,Bridelia tomentosa,species,,Bridelia,tomentosa,,,,
1106,Dimorphocalyx glabellus,species,,Dimorphocalyx,glabellus,,,,
1116,Vitis vinifera Linn.,species,,Vitis,vinifera,Linn.,,,
1118,Ampelopsis brevipedunculata Trautv.,species,,Ampelopsis,brevipedunculata,Trautv.,,,
1118,Cayratia japonica Gagn.,species,,Cayratia,japonica,Gagn.,,,
1118,Vitis thunbergi Sieb. & Zucc.,species,,Vitis,thunbergi,Sieb. & Zucc.,,,
1118,Vitis vinifera Linn.,species,,Vitis,vinifera,Linn.,,,
1118,Parthenocissus tricuspidata (Siebold & Zucc.),species,,Parthenocissus,tricuspidata,(Siebold & Zucc.),,,
1137,Astragalus,genus,,Astragalus,,,,,
1169,Stenandrium dulce (Cav.) Nees.,species,Asteraceae,Stenandrium,dulce,(Cav.) Nees.,,,Possible (=Geradia floridana)
1179,Pedicularis canadensis L.,species,,Pedicularis,canadensis,L.,,,
1183,Castilleia latofilia,species,,Castilleia,latofilia,,,,
1190,Castilleia lutescens,species,,Castilleia,lutescens,,,,
1192,Castilleia pinetorum,species,,Castilleia,pinetorum,,,,
1192,Castilleia parviflora,species,,Castilleia,parviflora,,,,
1198,Pentstemon cyananthus,species,,Pentstemon,cyananthus,,,,
1200,Castilleja lutescens Greenman.,species,,Castilleja,lutescens,Greenman.,,,
1260,Lantana hispida H.B.K.,species,,Lantana,hispida,H.B.K.,,,
1274,Stachys sylvatica L.,species,,Stachys,sylvatica,L.,,,
1274,Ononis natrix L.,species,,Ononis,natrix,L.,,,
1274,Ononis repens L.,species,,Ononis,repens,L.,,,
1274,Ononis spinosa L.,species,,Ononis,spinosa,L.,,,
1274,Mentha,genus,,Mentha,,,,,
1274,Salvia,genus,,Salvia,,,,,
1274,Euphrasia,genus,,Euphrasia,,,,,
1274,Teucrium scorodonia L.,species,,Teucrium,scorodonia,L.,,,
1274,Chenopodium,genus,,Chenopodium,,,,,
1274,Calluna vulgaris L.,species,,Calluna,vulgaris,L.,,,
1274,Erica tetralix L.,species,,Erica,tetralix,L.,,,
1274,Geranium robertianum L.,species,,Geranium,robertianum,L.,,,
1274,Bartsia,genus,,Bartsia,,,,,
1274,Carlina,genus,,Carlina,,,,,
1274,Lavandula stoechas L.,species,,Lavandula,stoechas,L.,,,
1274,Vacciï¿½nium oxycoccus L.,species,,Vacciï¿½nium,oxycoccus,L.,,,
1274,Calamintha nepeta (L.) Savi,species,,Calamintha,nepeta,(L.) Savi,,,
1274,Jurinea,genus,,Jurinea,,,,,
1274,Nepeta,genus,,Nepeta,,,,,
1285,Stachys sylvatica L.,species,,Stachys,sylvatica,L.,,,
1285,Stachys sieboldi Miq.,species,,Stachys,sieboldi,Miq.,,,
1285,Aquilegia vulgaris L.,species,,Aquilegia,vulgaris,L.,,,
1285,Aquilegia flabellata Sieb. & Zucc.,species,,Aquilegia,flabellata,Sieb. & Zucc.,,,
1285,Geranium pratense L.,species,,Geranium,pratense,L.,,,
1285,Erodium cicutarium L.,species,,Erodium,cicutarium,L.,,,
1285,Salvia glutinosa L.,species,,Salvia,glutinosa,L.,,,
1285,Primula,genus,,Primula,,,,,
1285,Ononis spinosa L.,species,,Ononis,spinosa,L.,,,
1285,Prunella,genus,,Prunella,,,,,
1285,Allium fistulosum Linn.,species,,Allium,fistulosum,Linn.,,,
1297,Castilleja lutescens (Greenman),species,,Castilleja,lutescens,(Greenman),,,
1297,Castilleja angustifolia (Nutt.),species,,Castilleja,angustifolia,(Nutt.),,,
1297,Castilleja latifolia,species,,Castilleja,latifolia,,,,
1297,Scrophularia californica,species,,Scrophularia,californica,,,,
1297,Antirrhinum,genus,,Antirrhinum,,,,,
1297,Dodecatheon pauciflorum,species,,Dodecatheon,pauciflorum,,,,
1297,Stachys rigida,species,,Stachys,rigida,,,,
1297,Stachys bullata,species,,Stachys,bullata,,,,
1297,Stachys,genus,,Stachys,,,,,
1297,Mimulus guttatus,species,,Mimulus,guttatus,,,,
1297,Mimulus lewisii,species,,Mimulus,lewisii,,,,
1297,Pentstemon,genus,,Pentstemon,,,,,
1297,Lonicera involucrata,species,,Lonicera,involucrata,,,,
1322,Hebe salicifolia,species,,Hebe,salicifolia,,,,
1322,Hebe elliptica,species,,Hebe,elliptica,,,,
1322,Hebe speciosa,species,,Hebe,speciosa,,,,
1322,Hebe stricta,species,,Hebe,stricta,,,,
1346,Teucrium quadrifarium,species,,Teucrium,quadrifarium,,,,
1346,Scutellaria discolor,species,,Scutellaria,discolor,,,,records from India!!
1359,Salvia japonica Thunberg,species,,Salvia,japonica,Thunberg,,,
1359,Scutellaria indica Linnaeus.,species,,Scutellaria,indica,Linnaeus.,,,
1382,Senecio italiaia,species,,Senecio,italiaia,,,,(= S. italiaca???)
1382,Senecio juergensi,species,,Senecio,juergensi,,,,
1382,Senecio conyzaefolius,species,,Senecio,conyzaefolius,,,,
1382,Senecio pinnatus,species,,Senecio,pinnatus,,,,
1382,Senecio oleosus,species,,Senecio,oleosus,,,,
1384,Erigeron strigosus Michl.,species,Asteraceae,Erigeron,strigosus,Michl.,,,
1384,Aster subulatus Michx.,species,,Aster,subulatus,Michx.,,,
1384,Aster puniceus L. ssp. elliottii (Torr. & Gray) A. G. Jones,subspecies,,Aster,puniceus,L.,elliottii,(Torr. & Gray) A. G. Jones,
1384,Solidago odora A.T.,species,,Solidago,odora,A.T.,,,
1384,Erigeron maximus,species,,Erigeron,maximus,,,,
1384,Conyza bonariensis,species,,Conyza,bonariensis,,,,
1384,Conyza ericoides Lam. Cabrera,species,,Conyza,ericoides,Lam. Cabrera,,,(=Diplostephium ericoides (Lam.)
1384,Conyza chilensis C. canadensis,species,,Conyza,chilensis,C. canadensis,,,
1384,Baccharis salicifolia (Persï¿½.),species,,Baccharis,salicifolia,(Persï¿½.),,,
1384,Baccharis trinervis,species,,Baccharis,trinervis,,,,
1384,Baccharis discolor,species,,Baccharis,discolor,,,,
1384,Baccharis ï¿½vinosoï¿½ ssp. fem.,subspecies,,Baccharis,ï¿½vinosoï¿½,,fem.,,
1384,Baccharis aff. serratula,speciesAggregate,,Baccharis,serratula,,,,fem.
1384,Baccharis serratula,species,,Baccharis,serratula,,,,masc.
1384,Baccharis glutinosa Pers.,species,,Baccharis,glutinosa,Pers.,,,
1384,Senecio pinnatus,species,,Senecio,pinnatus,,,,
1384,Noticastrum decumbens,species,,Noticastrum,decumbens,,,,
1384,Pulchea,genus,,Pulchea,,,,,
1384,Minasia,genus,,Minasia,,,,,
1408,Adesmia,genus,,Adesmia,,,,,
1431,Cocoa leaves,species,,Cocoa,leaves,,,,
1434,Hippomane mancinella,species,,Hippomane,mancinella,,,,Possible
1445,Caperonia regaï¿½les,species,,Caperonia,regaï¿½les,,,,
1445,Caperonia castaneifolia,species,,Caperonia,castaneifolia,,,,
1445,Thalia geniculata L.,species,,Thalia,geniculata,L.,,,
1445,Centratherum punctatum,species,,Centratherum,punctatum,,,,
1445,Eupatorium betonicaeforme,species,,Eupatorium,betonicaeforme,,,,
1445,Dolichos lablab L.,species,,Dolichos,lablab,L.,,,
1445,Cajanus cajan (L.) Huth,species,,Cajanus,cajan,(L.) Huth,,,
1445,Cajanus bicolor,species,,Cajanus,bicolor,,,,
1445,Lagenaria leucantha var. clavata Makino,variety,,Lagenaria,leucantha,,clavata,Makino,
1445,Lagenaria siceraria,species,,Lagenaria,siceraria,,,,
1445,Lagenaria leucantha ssp. var.gourda Makino,subspecies,,Lagenaria,leucantha,,var.gourda,Makino,
1445,Lagenaria vulgaris,species,,Lagenaria,vulgaris,,,,
1445,Pelargonium,genus,,Pelargonium,,,,,
1445,Geranium maculatum,species,,Geranium,maculatum,,,,
1445,Phaseolus vulgaris,species,,Phaseolus,vulgaris,,,,
1445,Curcubita pepo,species,,Curcubita,pepo,,,,
1445,Luffa aegyptiaca,species,,Luffa,aegyptiaca,,,,
1445,Mimosa pudica,species,,Mimosa,pudica,,,,
1445,Hibiscus mutabilis,species,,Hibiscus,mutabilis,,,,
1445,Passiflora foetida,species,,Passiflora,foetida,,,,
1445,Antirrhinum majus,species,,Antirrhinum,majus,,,,
1445,Theobroma cacao,species,,Theobroma,cacao,,,,
1445,Lantana camara,species,,Lantana,camara,,,,
1445,Averrhoe bilimbi,species,,Averrhoe,bilimbi,,,,
1445,Biophytum sensitivum,species,,Biophytum,sensitivum,,,,
1445,Brillantaisia lamium,species,,Brillantaisia,lamium,,,,
1454,Vigna catjang Walp.,species,,Vigna,catjang,Walp.,,,
1454,Vigna unguiculata,species,,Vigna,unguiculata,,,,
1454,Vigna sava,species,,Vigna,sava,,,,
1454,Dolichos lablab L.,species,,Dolichos,lablab,L.,,,
1454,Clerodendrum trichotomum,species,Verbenaceae,Clerodendrum,trichotomum,,,,
1457,Eupatorium betonicaeforme,species,,Eupatorium,betonicaeforme,,,,
1478,"Petasites hybridus G., M. & S.",species,,Petasites,hybridus,"G., M. & S.",,,
1486,Rosa canina L.,species,,Rosa,canina,L.,,,
1486,Rosa spinoï¿½sissima L.,species,,Rosa,spinoï¿½sissima,L.,,,
1486,Rosa rugosa Thunb.,species,,Rosa,rugosa,Thunb.,,,
1486,Rosa,genus,,Rosa,,,,,
1497,Ononis repens L.,species,,Ononis,repens,L.,,,
1497,Ononis natrix L.,species,,Ononis,natrix,L.,,,
1497,Ononis rotundifolia L.,species,,Ononis,rotundifolia,L.,,,
1497,Ononis arvensis L.,species,,Ononis,arvensis,L.,,,
1497,Ononis spinosa L.,species,,Ononis,spinosa,L.,,,
1503,Ononis spinosa L.,species,,Ononis,spinosa,L.,,,
1505,Ononis rotundifolia L.,species,,Ononis,rotundifolia,L.,,,
1517,Glycyrrhiza,genus,,Glycyrrhiza,,,,,
1520,Glycyrrhiza uralensis Fisch.,species,,Glycyrrhiza,uralensis,Fisch.,,,
1549,Cajanus indicus,species,,Cajanus,indicus,,,,
1549,Dolichos lablab,species,,Dolichos,lablab,,,,
1555,Rhynchosia minima,species,,Rhynchosia,minima,,,,
1558,Rhyncosia cinerea Nash,species,Fabaceae,Rhyncosia,cinerea,Nash,,,
1564,Alysicarpus vaginalis,species,,Alysicarpus,vaginalis,,,,
1582,Oxalis,genus,,Oxalis,,,,,
1582,Desmodium lineatum DC.,species,Fabaceae,Desmodium,lineatum,DC.,,,
1582,Alysicarpus vaginalis,species,,Alysicarpus,vaginalis,,,,
1591,Lespedeza bicolorTurcz var. japonica Nakai,variety,,Lespedeza,bicolorTurcz,,japonica,Nakai,
1591,Lespedeza cuneata G. Don.,species,,Lespedeza,cuneata,G. Don.,,,
1613,Geum rivale L.,species,,Geum,rivale,L.,,,
1613,Geum urbanum L.,species,,Geum,urbanum,L.,,,
1613,Potentilla rupestris L.,species,,Potentilla,rupestris,L.,,,
1616,Vitis labrusca,species,,Vitis,labrusca,,,,
1618,Rubus nutkanus,species,,Rubus,nutkanus,,,,
1634,Scutellaria alpina L.,species,,Scutellaria,alpina,L.,,,
1636,Scutellaria alpina L.,species,,Scutellaria,alpina,L.,,,
1647,Scutellaria indica L.,species,,Scutellaria,indica,L.,,,
1647,Scutellaria discolor Colebr.,species,,Scutellaria,discolor,Colebr.,,,
1657,Teucrium scorodonium L.,species,,Teucrium,scorodonium,L.,,,
1657,Salvia officinale L.,species,,Salvia,officinale,L.,,,
1657,Salvia glutinosa L.,species,,Salvia,glutinosa,L.,,,
1661,Teucrium chamaedrys L.,species,,Teucrium,chamaedrys,L.,,,
1667,Leonurus cardiaca L.,species,,Leonurus,cardiaca,L.,,,
1674,Stachys alpina L.,species,,Stachys,alpina,L.,,,
1674,Stachys cassia (Boiss),species,,Stachys,cassia,(Boiss),,,
1674,Marrubium vulgare L.,species,,Mar+E820rubium+E820,vulgare,L.,,,
1679,Stachys recta L.,species,,Stachys,recta,L.,,,
1683,Teucrium botrys L.,species,,Teucrium,botrys,L.,,,
1690,Teucrium flavum L.,species,,Teucrium,flavum,L.,,,
1692,Teucrium scordium L. ssp. scordiï¿½oides (Schreber) Maire & Petitmengin.,subspecies,,Teucrium,scordium,L.,scordiï¿½oides,(Schreber) Maire & Petitmengin.,
1703,Stachys rigida,species,,Stachys,rigida,,,,
1703,Scutellarua bolanderi,species,,Scutellarua,bolanderi,,,,
1703,Hieracium albiflorum,species,,Hieracium,albiflorum,,,,
1707,Scuttelaria,genus,,Scuttelaria,,,,,
1716,Hieracium pilosella (L.),species,,Hieracium,pilosella,(L.),,,
1719,Hieracium umbellatum L.,species,,Hieracium,umbellatum,L.,,,
1719,Hieracium sabaudum L.,species,,Hieracium,sabaudum,L.,,,(=H. boreale Fries)
1719,Picris hieracioides L.,species,,Picris,hieracioides,L.,,,
1723,Hieracium pilosella (L.),species,,Hieracium,pilosella,(L.),,,
1723,Hieracium murorum L.,species,,Hieracium,murorum,L.,,,
1723,Hieracium lanatum Vill.,species,,Hieracium,lanatum,Vill.,,,
1723,Calluna vulgaris L.,species,,Calluna,vulgaris,L.,,,
1725,Hieracium pilosella (L.),species,,Hieracium,pilosella,(L.),,,
1725,Hieracium laeviï¿½gatum Willd.,species,,Hieracium,laeviï¿½gatum,Willd.,,,
1725,Hieracium umbellatum L.,species,,Hieracium,umbellatum,L.,,,
1725,Stachys alpina L.,species,,Stachys,alpina,L.,,,
1732,Hieracium scouleri,species,,Hieracium,scouleri,,,,
1741,Lagerstroemia,genus,,Lagerstroemia,,,,,
1743,Dillenia retusa,species,,Dillenia,retusa,,,,
1743,Dillenia indica,species,,Dillenia,indica,,,,
1747,Dunbaria villosa Makino.,species,,Dunbaria,villosa,Makino.,,,
1751,Cayratia japonica Gagn.,species,,Cayratia,japonica,Gagn.,,,
1756,Biophytum sensitivum,species,,Biophytum,sensitivum,,,,
1762,Caesalpina sappan L.,species,,Caesalpina,sappan,L.,,,
1762,Calycopteris floribunda,species,,Calycopteris,floribunda,,,,
1765,Vitis vinifera,species,,Vitis,vinifera,,,,
1775,Tinnea ethiopica,species,,Tinnea,ethiopica,,,,
1785,Cinchona succirubra Pav. ex Klotzsch.,species,Rubiaceae,Cinchona,succirubra,Pav. ex Klotzsch.,,,
1785,Synsepalum dulcificum (Schumach. & Thonn.) Daniell,species,Sapotaceae,Synsepalum,dulcificum,(Schumach. & Thonn.) Daniell,,,Moths were collected in great numbers around the plant - Ghana
1793,Isocoma veneta (HBK),species,,Isocoma,veneta,(HBK),,,
1793,Grindelia canyiorum,species,,Grindelia,canyiorum,,,,
1799,Crepis capillaris (L.),species,,Crepis,capillaris,(L.),,,
1799,Crepis tectorum L.,species,,Crepis,tectorum,L.,,,
1799,Crepis succifolia Tausch,species,,Crepis,succifolia,Tausch,,,
1799,Crepis conyzaefolia (L.) Della Torre,species,,Crepis,conyzaefolia,(L.) Della Torre,,,
1799,Crepis albida Vill.,species,,Crepis,albida,Vill.,,,
1799,Crepis succisaefolia (All.) Tausch,species,,Crepis,succisaefolia,(All.) Tausch,,,
1799,Crepis capillaris L. (Wallr.),species,,Crepis,capillaris,L. (Wallr.),,,
1799,Hieracium pilosella (L.),species,,Hieracium,pilosella,(L.),,,
1799,Hieracium amplexicaule L.,species,,Hieracium,amplexicaule,L.,,,
1799,Sonchus asper (L.) Hill.,species,,Sonchus,asper,(L.) Hill.,,,
1799,Sonchus arvensis L.,species,,Sonchus,arvensis,L.,,,
1799,Cichorium intybus L.,species,,Cichorium,intybus,L.,,,
1799,Picris hieraï¿½cioiï¿½des L.,species,,Picris,hieraï¿½cioiï¿½des,L.,,,
1799,Andryale pinnatifida Aiton.,species,,Andryale,pinnatifida,Aiton.,,,
1799,Andryale integrifolia L.,species,,Andryale,integrifolia,L.,,,
1799,Lactuca virosa L.,species,,Lactuca,virosa,L.,,,
1799,Lactuca sativa,species,,Lactuca,sativa,,,,
1813,Hieraciï¿½um echioides Lumnitzer,species,,Hieraciï¿½um,echioides,Lumnitzer,,,
1813,Hieraciï¿½um umbelliferum Nag. & Peter,species,,Hieraciï¿½um,umbelliferum,Nag. & Peter,,,
1813,Hieraciï¿½um dubium L.,species,,Hieraciï¿½um,dubium,L.,,,
1813,Hieraciï¿½um cymosum L.,species,,Hieraciï¿½um,cymosum,L.,,,
1813,Hieraciï¿½um piloselloides Vill.,species,,Hieraciï¿½um,piloselloides,Vill.,,,
1813,Hieraciï¿½um fallax Willd.,species,,Hieraciï¿½um,fallax,Willd.,,,
1813,Hieraciï¿½um pilosella (L.),species,,Hieraciï¿½um,pilosella,(L.),,,
1813,Hieraciï¿½um amplexicaule L.,species,,Hieraciï¿½um,amplexicaule,L.,,,
1817,Hieracium amplexicaula L.,species,,Hieracium,amplexicaula,L.,,,
1819,Andryale integrifolia L.,species,,Andryale,integrifolia,L.,,,(=sinuata L.)
1819,Hieracium lanatum Vill.,species,,Hieracium,lanatum,Vill.,,,
1826,Ipomoea batatas (L.) Poir.,species,,Ipomoea,batatas,(L.) Poir.,,,
1826,Vitis indica L.,species,,Vitis,indica,L.,,,
1826,Vernonia appendiculata Less.,species,,Vernonia,appendiculata,Less.,,,
1831,Oxalis corniculata L.,species,,Oxalis,corniculata,L.,,,
1831,Oxalis,genus,,Oxalis,,,,,
1836,Drosera rotundifolia L.,species,,Drosera,rotundifolia,L.,,,
1836,Drosera burmanni Vahl.,species,,Drosera,burmanni,Vahl.,,,
1836,Drosera spathulata Labill.,species,,Drosera,spathulata,Labill.,,,
1836,Drosera indica L.,species,,Drosera,indica,L.,,,
1842,Drosera capillaris,species,,Drosera,capillaris,,,,
1842,Drosera brevifolia Pursh,species,,Drosera,brevifolia,Pursh,,,
1842,Drosera intermedia Hayne,species,,Drosera,intermedia,Hayne,,,
1842,Drosera filiformis Rat. var. tracyi Diels.,variety,,Drosera,filiformis,Rat.,tracyi,Diels.,
1850,Chrysopsis scabrella Torr. & Gray,species,,Chrysopsis,scabrella,Torr. & Gray,,,
1850,Ceanothus papillosus,species,,Ceanothus,papillosus,,,,
1883,Cistus monspeliensis L.,species,,Cistus,monspeliensis,L.,,,
1883,Cistus albidus L.,species,,Cistus,albidus,L.,,,
1883,Cistus salviaefolius L.,species,,Cistus,salviaefolius,L.,,,
1883,Sanguisorba,genus,,Sanguisorba,,,,,(=Poterium)
1883,Dittrichia viscosa L.,species,,Dittrichia,viscosa,L.,,,
1883,Dittrichia graveolens (L.) Greut.,species,,Dittrichia,graveolens,(L.) Greut.,,,
1883,Helichrysum angustifolium DC.,species,,Helichrysum,angustifolium,DC.,,,
1883,Ononis natrix L.,species,,Ononis,natrix,L.,,,
1888,Siegesbeckia orientalis Linn.,species,,Siegesbeckia,orientalis,Linn.,,,
1890,Erioglossum,genus,,Erioglossum,,,,,
1890,Gynandropsis,genus,,Gynandropsis,,,,,
1890,Cajanus cajan,species,,Cajanus,cajan,,,,
1890,Cleome,genus,,Cleome,,,,,
1890,Acacia,genus,,Acacia,,,,,
1898,Acacia neovernicosa Isely (C. vernicosa Standl.),species,,Acacia,neovernicosa,Isely (C. vernicosa Standl.),,,
1898,Boerhavia diffusa L.,species,,Boerhavia,diffusa,L.,,,
1898,Boerhavia coccinea,species,,Boerhavia,coccinea,,,,
1898,Boerhavia erecta,species,,Boerhavia,erecta,,,,
1898,Boerhavia chinensis,species,,Boerhavia,chinensis,,,,
1898,Boerhavia repens L.,species,,Boerhavia,repens,L.,,,
1898,Commicarpus tuberosus (Lam.) Standl.,species,,Commicarpus,tuberosus,(Lam.) Standl.,,,
1898,Okenia hypogae Schtecht. & Cham.,species,,Okenia,hypogae,Schtecht. & Cham.,,,
1898,Amaranthus,genus,,Amaranthus,,,,,
1898,Mimosa tenuiflora Benth.,species,,Mimosa,tenuiflora,Benth.,,,
1898,Lagenaria siceraria,species,,Lagenaria,siceraria,,,,
1898,Scaevola frutescens,species,,Scaevola,frutescens,,,,
1911,Eupatorium betonicaeforme,species,,Eupatorium,betonicaeforme,,,,
1911,Barrosoa betonicaeformis,species,,Barrosoa,betonicaeformis,,,,
1911,Senecio oleosus,species,,Senecio,oleosus,,,,
1931,Phagnalon rupestre L.,species,,Phagnalon,rupestre,L.,,,
1931,Phagnalon saxatile L.,species,,Phagnalon,saxatile,L.,,,
1931,Phagnalon sordidum (L.) Reichenb.,species,,Phagnalon,sordidum,(L.) Reichenb.,,,
1931,Phagnalon telonense Jord. & Fourr.,species,,Phagnalon,telonense,Jord. & Fourr.,,,
1938,Helichrysum italicum Roth.,species,,Helichrysum,italicum,Roth.,,,
1938,Helichrysum stoechas (L.) Moench.,species,,Helichrysum,stoechas,(L.) Moench.,,,
1938,Helichrysum angustifolium (Lam.) Dc.,species,,Helichrysum,angustifolium,(Lam.) Dc.,,,
1938,Helichrysum serotinum Boiss.,species,,Helichrysum,serotinum,Boiss.,,,
1941,Helichrysum stoechas L.,species,,Helichrysum,stoechas,L.,,,
1960,Mycelis muralis L.,species,,Mycelis,muralis,L.,,,
1960,Prenanthes purpurea L.,species,,Prenanthes,purpurea,L.,,,
1960,Lapsana communis L.,species,,Lapsana,communis,L.,,,
1960,Lactua sativa L.,species,,Lactua,sativa,L.,,,
1960,Lactua viminea (L.) J. & C. Presl.,species,,Lactua,viminea,(L.) J. & C. Presl.,,,
1972,Ligularia tussilaginea Makino,species,,Ligularia,tussilaginea,Makino,,,
1972,Ligularia fischeri Turcz.,species,,Ligularia,fischeri,Turcz.,,,
1972,Petasitis japonicus Miq.,species,,Petasitis,japonicus,Miq.,,,
1979,Dichondra caroliniensis Michx.,species,,Dichondra,caroliniensis,Michx.,,,
2005,Helichrysum triplinerve,species,,Helichrysum,triplinerve,,,,
2007,Helichrysum cordifolium,species,,Helichrysum,cordifolium,,,,
2027,Inula britannica L.,species,,Inula,britannica,L.,,,
2027,Inula hirta L.,species,,Inula,hirta,L.,,,
2027,Inula salicina L.,species,,Inula,salicina,L.,,,
2027,Inula viscosa (L.) Aiton,species,,Inula,viscosa,(L.) Aiton,,,
2027,Inula montana L.,species,,Inula,montana,L.,,,
2027,Dittrichia viscosa Aï¿½t.,species,,Dittrichia,viscosa,Aï¿½t.,,,
2031,Ambrosia maritima L.,species,,Ambrosia,maritima,L.,,,
2033,Inula conyza C.D.,species,,Inula,conyza,C.D.,,,
2033,Inula bifrons L.,species,,Inula,bifrons,L.,,,
2033,Inula montana L.,species,,Inula,montana,L.,,,
2033,Inula hirta L.,species,,Inula,hirta,L.,,,
2033,Dittrichia viscosa (L.) W. Greuter,species,,Dittrichia,viscosa,(L.) W. Greuter,,,
2033,Buphthalmum salicifolium L.,species,,Buphthalmum,salicifolium,L.,,,
2038,Inula montana L.,species,,Inula,montana,L.,,,
2040,Aster linosyris L.,species,,Aster,linosyris,L.,,,
2040,Aster sedifolius L.,species,,Aster,sedifolius,L.,,,
2040,Solidago virgaurea L.,species,,Solidago,virgaurea,L.,,,
2044,Solidago virgaurea L.,species,,Solidago,virgaurea,L.,,,
2044,Senecio nemorensis L.,species,,Senecio,nemorensis,L.,,,
2044,Senecio fuchsii C.C. Gmelin,species,,Senecio,fuchsii,C.C. Gmelin,,,
2044,Senecio bicolor Willd.,species,,Senecio,bicolor,Willd.,,,
2044,Aster linosyris Bernh.,species,,Aster,linosyris,Bernh.,,,
2044,Achillea millefolium L.,species,,Achillea,millefolium,L.,,,
2044,Artemisia vulgaris L.,species,,Artemisia,vulgaris,L.,,,
2054,Phagnalon saxatile L.,species,,Phagnalon,saxatile,L.,,,
2054,Solidago virgaurea L.,species,,Solidago,virgaurea,L.,,,
2054,Aster linosyris Bernh.,species,,Aster,linosyris,Bernh.,,,
2054,Anaphalis margaritacea,species,,Anaphalis,margaritacea,,,,
2059,Gnaphalium sylvaticum L.,species,,Gnaphalium,sylvaticum,L.,,,
2059,Gnaphalium dioicum L.,species,,Gnaphalium,dioicum,L.,,,
2059,Artemisia absinthium L.,species,,Artemisia,absinthium,L.,,,
2059,Artemisia chamaemelifolia Vill.,species,,Artemisia,chamaemelifolia,Vill.,,,
2064,Hieracium umbellatum L.,species,,Hieracium,umbellatum,L.,,,
2064,Hieracium prenanthoides Villiers,species,,Hieracium,prenanthoides,Villiers,,,
2064,Hieracium amplexicaule L.,species,,Hieracium,amplexicaule,L.,,,
2064,Hieracium murorum L.,species,,Hieracium,murorum,L.,,,
2064,Hieracium lachenalii Gmel.,species,,Hieracium,lachenalii,Gmel.,,,
2064,Hieracium pilosella L.,species,,Hieracium,pilosella,L.,,,
2064,Hieracium boreale Fries.,species,,Hieracium,boreale,Fries.,,,
2064,Hieracium sylvaticum L.,species,,Hieracium,sylvaticum,L.,,,
2069,Solidago virgaurea L.,species,,Solidago,virgaurea,L.,,,
2069,Aster bellidiastrum Scop.,species,,Aster,bellidiastrum,Scop.,,,
2069,Bellis perennis L.,species,,Bellis,perennis,L.,,,
2073,Artemisia vulgaris L.,species,,Artemisia,vulgaris,L.,,,
2073,Artemisia maritima L.,species,,Artemisia,maritima,L.,,,
2073,Artemisia campesï¿½tris L.,species,,Artemisia,campesï¿½tris,L.,,,
2073,Artemisia princeps,species,,Artemisia,princeps,,,,
2073,Leucanthemum vulgare Lam.,species,,Leucanthemum,vulgare,Lam.,,,
2073,Tanacetum,genus,,Tanacetum,,,,,
2073,Solanum melongena,species,,Solanum,melongena,,,,
2119,Artemisia vulgaris ssp. vulgatissima Bess.,subspecies,,Artemisia,vulgaris,,vulgatissima,Bess.,
2121,Aster ageratoides Turc.,species,,Aster,ageratoides,Turc.,,,
2121,Aster yomena Makino.,species,,Aster,yomena,Makino.,,,
2133,Aster yomena Makino.,species,,Aster,yomena,Makino.,,,
2141,Wulffia baccata,species,,Wulffia,baccata,,,,
2143,Ageratina riparia (Regel) K.SR.,species,,Ageratina,riparia,(Regel) K.SR.,,,
2174,Espeletia spp,species,,Espeletia,spp,,,,
2184,Ipomoea setifera,species,,Ipomoea,setifera,,,,
2184,Ipomoea tiliacea,species,,Ipomoea,tiliacea,,,,
2184,Merremia umbellata,species,,Merremia,umbellata,,,,
2194,Parthenium hysterophorus L.,species,,Parthenium,hysterophorus,L.,,,
2212,Eupatorium purpureum,species,,Eupatorium,purpureum,,,,
2212,Solidago missouriensis,species,,Solidago,missouriensis,,,,
2212,Solidago altissima,species,,Solidago,altissima,,,,
2239,Scaleï¿½sia affinis,species,Asteraceae,Scaleï¿½sia,affinis,,,,
2317,Baccharis halimifolia L.,species,,Baccharis,halimifolia,L.,,,
2317,Baccharis salicina,species,,Baccharis,salicina,,,,
2317,Baccharis neglecta,species,,Baccharis,neglecta,,,,
2317,Baccharis angustifolia,species,,Baccharis,angustifolia,,,,
2324,Baccharides pilularis D.C.,species,,Baccharides,pilularis,D.C.,,,
2327,Ambrosia artemisiifolia L.,species,Asteraceae,Ambrosia,artemisiifolia,L.,,,
2331,Vernonia noveboracensis (L.) Michx.,species,,Vernonia,noveboracensis,(L.) Michx.,,,
2331,Vernonia missurica Raf.,species,,Vernonia,missurica,Raf.,,,
2331,Vernonia gigantea (Walt.) Trel. ex. Branner & Coville.,species,,Vernonia,gigantea,(Walt.) Trel. ex. Branner & Coville.,,,
2331,Vernonia angustiï¿½folia Michx.,species,,Vernonia,angustiï¿½folia,Michx.,,,
2331,Vernonia blodgettii Small,species,,Vernonia,blodgettii,Small,,,
2331,Vernonia cinerea (L.) Less.,species,,Vernonia,cinerea,(L.) Less.,,,
2343,Solidago canadensis L.,species,,Solidago,canadensis,L.,,,
2343,Solidago fistulosa Mill.,species,,Solidago,fistulosa,Mill.,,,
2343,Solidago gigantea Ait.,species,,Solidago,gigantea,Ait.,,,
2343,Solidago leavenworï¿½thii,species,,Solidago,leavenworï¿½thii,,,,(= gigantea)
2343,Baccharis neglecta Britton,species,,Baccharis,neglecta,Britton,,,
2347,Solidago,genus,,Solidago,,,,,
2347,Eupatorium perfoliatum L.,species,,Eupatorium,perfoliatum,L.,,,
2347,Aster paniculatus,species,,Aster,paniculatus,,,,
2353,Baccharis pilularis,species,,Baccharis,pilularis,,,,
2369,Solidago canadensis L.,species,,Solidago,canadensis,L.,,,
2384,Anaphalis margaritacea,species,,Anaphalis,margaritacea,,,,
2384,Gnaphalium,genus,,Gnaphalium,,,,,
2395,Eupatorium capillifolium (Lam.) Small,species,,Eupatorium,capillifolium,(Lam.) Small,,,
2493,Acanthospermum hispidum,species,,Acanthospermum,hispidum,,,,
2493,Tithonia diversifolia,species,,Tithonia,diversifolia,,,,
2497,Conyza lineariloba,species,,Conyza,lineariloba,,,,
2504,Inula salicina L.,species,,Inula,salicina,L.,,,
2504,Inula conyza L.,species,,Inula,conyza,L.,,,
2504,Inula montana L.,species,,Inula,montana,L.,,,
2504,Inula germanica L.,species,,Inula,germanica,L.,,,
2504,Inula hirta L.,species,,Inula,hirta,L.,,,
2504,Inula helenioides DC.,species,,Inula,helenioides,DC.,,,
2504,Pulicaria dysenterica Bernh.,species,,Pulicaria,dysenterica,Bernh.,,,
2504,Conyza squarrosa L.,species,,Conyza,squarrosa,L.,,,
2504,Buphthalmum salicifolium L.,species,,Buphthalmum,salicifolium,L.,,,
2510,Erigeron acer ssp. angulosus Gaudin,subspecies,,Erigeron,acer,,angulosus,Gaudin,
2510,Erigeron alpinus L.,species,,Erigeron,alpinus,L.,,,
2510,Erigeron acer ssp. politus Fries.,subspecies,,Erigeron,acer,,politus,Fries.,
2510,Erigeron glabratus Hoppe & Hornsch,species,,Erigeron,glabratus,Hoppe & Hornsch,,,
2510,Erigeron uniflorus L.,species,,Erigeron,uniflorus,L.,,,
2513,Inula montana L.,species,,Inula,montana,L.,,,
2513,Inula vaillantii Vill.,species,,Inula,vaillantii,Vill.,,,
2513,Inula helenium L.,species,,Inula,helenium,L.,,,
2513,Inula helenioides DC.,species,,Inula,helenioides,DC.,,,
2513,Inula oculus-christi L.,species,,Inula,oculus-christi,L.,,,
2513,Inula conyza DC.,species,,Inula,conyza,DC.,,,
2515,Inula helenium L.,species,,Inula,helenium,L.,,,
2515,Pulicaria odora Reichenb.,species,,Pulicaria,odora,Reichenb.,,,
2515,Pulicaria dysenterica (L.) Bernh.,species,,Pulicaria,dysenterica,(L.) Bernh.,,,
2517,Inula brittanica L.,species,,Inula,brittanica,L.,,,
2547,Solanum bonariensis Linneaus,species,Solanaceae,Solanum,bonariensis,Linneaus,,,(= pseudocapsicum??)
2575,Phacelia heterophylla,species,,Phacelia,heterophylla,,,,
2575,Phacelia ramosissima var. austroliferalis Munz.,variety,,Phacelia,ramosissima,,austroliferalis,Munz.,
2586,Eupatorium purpurascens Sch.Bip.,species,,Eupatorium,purpurascens,Sch.Bip.,,,
2586,Eupatorium purpureum,species,,Eupatorium,purpureum,,,,
2586,Epilobium,genus,,Epilobium,,,,,
2588,Balsamorrhiza sagittata,species,,Balsamorrhiza,sagittata,,,,
2607,Convolvulus arvensis L.,species,,Convolvulus,arvensis,L.,,,
2607,Convolvulus microphyllus,species,,Convolvulus,microphyllus,,,,
2607,Convolvulus cantabrica L.,species,,Convolvulus,cantabrica,L.,,,
2607,Convolvulus althaeoides L.,species,,Convolvulus,althaeoides,L.,,,
2607,Convolvulus floridus L.,species,,Convolvulus,floridus,L.,,,
2607,Convolvulus subacaulis,species,,Convolvulus,subacaulis,,,,
2607,Calystegia soldanella (L.) R. Br.,species,,Calystegia,soldanella,(L.) R. Br.,,,
2607,Calystegia sepium (L.) R. Br.,species,,Calystegia,sepium,(L.) R. Br.,,,
2607,Calystegia spithamaea (L.) R.Br.,species,,Calystegia,spithamaea,(L.) R.Br.,,,
2607,Chenopodium,genus,,Chenopodium,,,,,
2607,Atriplex,genus,,Atriplex,,,,,
2607,Ipomoea purpurea (L.) Roth.,species,,Ipomoea,purpurea,(L.) Roth.,,,
2607,Ipomoea batatas L.,species,,Ipomoea,batatas,L.,,,
2607,Ipomoea hispida Parodi,species,,Ipomoea,hispida,Parodi,,,
2607,Hyoscyamus niger L.,species,,Hyoscyamus,niger,L.,,,
2607,Datura stramonium L,species,,Datura,stramonium,L,,,
2619,Calystegia sepium (L.) R. Br.,species,,Calystegia,sepium,(L.) R. Br.,,,
2619,Calystegia sodanella (L.) R. Br.,species,,Calystegia,sodanella,(L.) R. Br.,,,
2619,Calystegia japonica Choisy,species,,Calystegia,japonica,Choisy,,,
2619,Ipomoea batatas L.,species,,Ipomoea,batatas,L.,,,
2635,Eupatorium cannabinum L.,species,,Eupatorium,cannabinum,L.,,,
2643,Carphephorus paniculatus (J.F. Gmel.) Herb.,species,,Carphephorus,paniculatus,(J.F. Gmel.) Herb.,,,
2643,Conoclinium coelestinum (L.) DC.,species,,Conoclinium,coelestinum,(L.) DC.,,,
2643,Erechtites valerianaefolia,species,,Erechtites,valerianaefolia,,,,
2643,Trichogonia appariciot,species,,Trichogonia,appariciot,,,,
2643,Trichogonia hirtiflora,species,,Trichogonia,hirtiflora,,,,
2643,Trichogonia villosa,species,,Trichogonia,villosa,,,,
2643,Trichogonia gardneri,species,,Trichogonia,gardneri,,,,
2643,Trichogonia macrolepis,species,,Trichogonia,macrolepis,,,,
2643,Mikania hoennei,species,,Mikania,hoennei,,,,
2643,Pentacalia desiderabilis,species,,Pentacalia,desiderabilis,,,,
2643,Campuloclinium macrocephalum,species,,Campuloclinium,macrocephalum,,,,
2643,Chromolena squarrulosa,species,,Chromolena,squarrulosa,,,,
2643,Symphyopappus casarettoi,species,,Symphyopappus,casarettoi,,,,
2643,Eupatorium laxum,species,,Eupatorium,laxum,,,,
2643,Eupatorium odoratum,species,,Eupatorium,odoratum,,,,
2643,Eupatorium iresinoides,species,,Eupatorium,iresinoides,,,,
2643,Eupatorium clematideum,species,,Eupatorium,clematideum,,,,
2643,Pluchea purpurascens,species,,Pluchea,purpurascens,,,,(= odorata)
2643,Pluchea carolinensis,species,,Pluchea,carolinensis,,,,
2643,Erechtites valarianaefolia,species,,Erechtites,valarianaefolia,,,,
2643,Verbesina,genus,,Verbesina,,,,,
2643,Grazielia intermedia,species,,Grazielia,intermedia,,,,
2643,Barrosoa betonicaeformis,species,,Barrosoa,betonicaeformis,,,,
2643,Vernonia cinerea,species,,Vernonia,cinerea,,,,
2643,Ageratum conyzoides,species,,Ageratum,conyzoides,,,,
2653,Verbesina,genus,,Verbesina,,,,,
2653,Senecio brasiliensis,species,,Senecio,brasiliensis,,,,
2653,Vernonanthura mariana,species,,Vernonanthura,mariana,,,,
2657,Senecio brasiliensis,species,,Senecio,brasiliensis,,,,
2665,Chromolaena odorata L.,species,,Chromolaena,odorata,L.,,,
2677,Ipomoea indica (Burm.f) Merr.,species,,Ipomoea,indica,(Burm.f) Merr.,,,
2682,Ambrosia artemisiifolia L.,species,,Ambrosia,artemisiifolia,L.,,,(= peruviana)
2682,Pluchea rosea (Godfrey),species,,Pluchea,rosea,(Godfrey),,,
2682,Melanthera nivea (L.) Small,species,,Melanthera,nivea,(L.) Small,,,(= M. deltoidea Michx.) (= aspera)
2682,Helianthus annus L.,species,,Helianthus,annus,L.,,,
2682,Helianthus tuberosa L.,species,,Helianthus,tuberosa,L.,,,
2682,Ambrosia acanthicarpa Hooker,species,,Ambrosia,acanthicarpa,Hooker,,,
2682,Ambrosia chamissonis (Lessing) Greene,species,,Ambrosia,chamissonis,(Lessing) Greene,,,
2682,Ambrosia confertiflora Decandolle,species,,Ambrosia,confertiflora,Decandolle,,,
2682,Ambrosia dumosa (A. Gray) Payne,species,,Ambrosia,dumosa,(A. Gray) Payne,,,
2682,Ambrosia eriocentra (A. Gray) Payne,species,,Ambrosia,eriocentra,(A. Gray) Payne,,,
2682,Ambrosia cunanensis HBK.,species,,Ambrosia,cunanensis,HBK.,,,(=psilostachya DC.)
2682,Xanthium strumarium L.,species,,Xanthium,strumarium,L.,,,cocklebur
2682,Neurolaena lobata,species,,Neurolaena,lobata,,,,
2682,Cynara cardunculus var. scolymus L.,variety,,Cynara,cardunculus,,scolymus,L.,leaves
2682,Rudkekia,genus,,Rudkekia,,,,,
2689,Xanthium canadense Mill.,species,,Xanthium,canadense,Mill.,,,
2689,Aster novi-belgii (Wlk),species,,Aster,novi-belgii,(Wlk),,,
2702,Echinops ritro L.,species,,Echinops,ritro,L.,,,
2704,Staehelina dubia L.,species,,Staehelina,dubia,L.,,,
2706,Picnomon acarna (L.) Cass.,species,,Picnomon,acarna,(L.) Cass.,,,
2706,Ptilostemon casabonae Greuter.,species,,Ptilostemon,casabonae,Greuter.,,,
2708,Cirsium helenioides L.,species,,Cirsium,helenioides,L.,,,
2708,Cirsium ferox (L.) DC.,species,,Cirsium,ferox,(L.) DC.,,,
2708,Jurinea cyanoides L.,species,,Jurinea,cyanoides,L.,,,
2708,Jurinea mollis (L.) Reichenb.,species,,Jurinea,mollis,(L.) Reichenb.,,,
2708,Carlina vulgaris L.,species,,Carlina,vulgaris,L.,,,
2708,Carlina acanthifolia All.,species,,Carlina,acanthifolia,All.,,,
2708,Carlina longifolia Rchb.,species,,Carlina,longifolia,Rchb.,,,
2708,Echinops ritro L.,species,,Echinops,ritro,L.,,,
2708,Echinops ruthenicus MB.,species,,Echinops,ruthenicus,MB.,,,
2708,Echinops sphaerocephalus L.,species,,Echinops,sphaerocephalus,L.,,,
2715,Jurinea mollis (L.) Reichenb.,species,,Jurinea,mollis,(L.) Reichenb.,,,
2715,Jurinea consanguinea ssp. arachnoidea Bunge,subspecies,,Jurinea,consanguinea,,arachnoidea,Bunge,
2715,Carlina longifolia Rehb.,species,,Carlina,longifolia,Rehb.,,,
2718,Cirsium eriophorum L.,species,,Cirsium,eriophorum,L.,,,
2718,Cirsium ligulare Boiss.,species,,Cirsium,ligulare,Boiss.,,,
2727,Carlina corymbosa L.,species,,Carlina,corymbosa,L.,,,
2727,Carlina salicifolia Cav.,species,,Carlina,salicifolia,Cav.,,,
2758,Arctium lappa L.,species,,Arctium,lappa,L.,,,
2758,Arctium tomentosum Mill.,species,,Arctium,tomentosum,Mill.,,,
2758,Arctium nemorosum Lej.,species,,Arctium,nemorosum,Lej.,,,
2760,Conyza dioscoridis L.,species,,Conyza,dioscoridis,L.,,,
2766,Thymus serpyllum L.,species,,Thymus,serpyllum,L.,,,
2766,Thymus vulgaris L.,species,,Thymus,vulgaris,L.,,,
2766,Thymus pulegioides L.,species,,Thymus,pulegioides,L.,,,
2766,Thymus drucei Ronniger,species,,Thymus,drucei,Ronniger,,,
2766,Thymus praecox ssp. arcticus (E. Durand) Jalas,subspecies,,Thymus,praecox,,arcticus,(E. Durand) Jalas,
2766,Pulmonaria officinalis L.,species,,Pulmonaria,officinalis,L.,,,
2766,Origanum vulgare L.,species,,Origanum,vulgare,L.,,,
2775,Thymus serpyllum L.,species,,Thymus,serpyllum,L.,,,
2775,Thymus vulgaris L.,species,,Thymus,vulgaris,L.,,,
2775,Thymus drucei Ronniger,species,,Thymus,drucei,Ronniger,,,
2775,Thymus pulegioides L.,species,,Thymus,pulegioides,L.,,,
2775,Thymus praecox Opiz.,species,,Thymus,praecox,Opiz.,,,
2775,Thymus marschallianus Willd.,species,,Thymus,marschallianus,Willd.,,,
2775,Mentha sylvestris Hudson,species,,Mentha,sylvestris,Hudson,,,(=longifolia (L.))
2775,Mentha rotundifolia (L.) Hudson,species,,Mentha,rotundifolia,(L.) Hudson,,,
2775,Calamintha nepeta (L.) Savi.,species,,Calamintha,nepeta,(L.) Savi.,,,
2775,Calamintha nepeta ssp. glandulosa (Requ.) P.W.Ball.,subspecies,,Calamintha,nepeta,,glandulosa,(Requ.) P.W.Ball.,
2791,Origanum vulgare L.,species,,Origanum,vulgare,L.,,,
2795,Origanum vulgare L.,species,,Origanum,vulgare,L.,,,
2795,Thymus vulgaris L.,species,,Thymus,vulgaris,L.,,,
2795,Thymus herbabarona Loisel,species,,Thymus,herbabarona,Loisel,,,
2795,Lavandula stoechas L.,species,,Lavandula,stoechas,L.,,,
2795,Lavandula angustifolia Miller,species,,Lavandula,angustifolia,Miller,,,
2795,Lavandula latifolia Medicus,species,,Lavandula,latifolia,Medicus,,,
2795,Calamintha nepeta (L.) Savi,species,,Calamintha,nepeta,(L.) Savi,,,
2795,Rosmarinus ofï¿½ficinalis L.,species,,Rosmarinus,ofï¿½ficinalis,L.,,,
2795,Salvia lavandulifolia (Vahl) Rouy,species,,Salvia,lavandulifolia,(Vahl) Rouy,,,
2795,Nepeta nepetellae L.,species,,Nepeta,nepetellae,L.,,,
2815,Mentha suaveolens ssp. insularis Greuter.,subspecies,,Mentha,suaveolens,,insularis,Greuter.,
2817,Micromeria varia Bentham.,species,,Micromeria,varia,Bentham.,,,
2820,Lavandula abrotanoides Lamarck,species,,Lavandula,abrotanoides,Lamarck,,,
2820,Lavandula multifida L.,species,,Lavandula,multifida,L.,,,
2822,Lavandula multifida L.,species,,Lavandula,multifida,L.,,,
2824,Lavandula pinnata L.,species,,Lavandula,pinnata,L.,,,
2824,Lavandula multifida ssp. canariensis (Mill) Pit. & Pr.,subspecies,,Lavandula,multifida,,canariensis,(Mill) Pit. & Pr.,
2826,Bystropogon plumosus L'Heritier.,species,,Bystropogon,plumosus,L'Heritier.,,,
2826,Bystropogon canariensis,species,,Bystropogon,canariensis,,,,
2856,Phlomis,genus,,Phlomis,,,,,
2856,Phlomis orientalis L.,species,,Phlomis,orientalis,L.,,,
2858,Marrubium vulgare L.,species,,Marrubium,vulgare,L.,,,
2858,Ballota nigra L.,species,,Ballota,nigra,L.,,,
2863,Phlomis cretica Pres.,species,,Phlomis,cretica,Pres.,,,
2863,Marrubium peregrinum L.,species,,Marrubium,peregrinum,L.,,,
2863,Marrubium vulgare L.,species,,Marrubium,vulgare,L.,,,
2876,Stachys iva Griseb.,species,,Stachys,iva,Griseb.,,,
2876,Stachys scardica (Griseb.) Hayek.,species,,Stachys,scardica,(Griseb.) Hayek.,,,
2878,Salvia lavandulifolia (Vahl.) Rouy,species,,Salvia,lavandulifolia,(Vahl.) Rouy,,,Possible
2882,Stachys aegyptiaca Pers.,species,,Stachys,aegyptiaca,Pers.,,,
2884,Phlomidoschema parviflorum (Benth.) Vved.,species,,Phlomidoschema,parviflorum,(Benth.) Vved.,,,
2897,Echium plantagineum Linneaus,species,,Echium,plantagineum,Linneaus,,,
2897,Echium vulgare Linn.,species,,Echium,vulgare,Linn.,,,
2897,Malus sylvestris Mill.,species,,Malus,sylvestris,Mill.,,,
2903,Astrotricha latifolia,species,,Astrotricha,latifolia,,,,
2903,Astrotricha floccosa,species,,Astrotricha,floccosa,,,,
2920,Convolvulus arvensis L.,species,,Convolvulus,arvensis,L.,,,
2920,Calystegia sepium (L.),species,,Calystegia,sepium,(L.),,,
2926,Convolvulus cantabricus L.,species,,Convolvulus,cantabricus,L.,,,
2964,Ipomoea batatas (Linn) Makino.,species,,Ipomoea,batatas,(Linn) Makino.,,,
2974,Hedera helix,species,,Hedera,helix,,,,
2978,Convolvulus,genus,,Convolvulus,,,,,
2978,Pharbitis nil Choisy.,species,,Pharbitis,nil,Choisy.,,,
2991,Merremia hederacea,species,,Merremia,hederacea,,,,
2991,Oldenlandia corymboza,species,,Oldenlandia,corymboza,,,,
3028,Averrhoa carambola L.,species,,Averrhoa,carambola,L.,,,
3028,Averrhoa bilimbi L.,species,,Averrhoa,bilimbi,L.,,,
3034,Gmelina arborea,species,,Gmelina,arborea,,,,
3046,Premna latifolia Roxburgh.,species,,Premna,latifolia,Roxburgh.,,,
3049,Gmelina arborea Roxb.,species,,Gmelina,arborea,Roxb.,,,
3156,Gesneria pauciflora Urb.,species,,Gesneria,pauciflora,Urb.,,,
3237,Eupatorium compositifolium Walt.,species,,Eupatorium,compositifolium,Walt.,,,
3237,Eupatorium capillifolium (Lam.),species,,Eupatorium,capillifolium,(Lam.),,,
3273,Baccharis scandens (Ruiz & Pav.) Pers.,species,,Baccharis,scandens,(Ruiz & Pav.) Pers.,,,
3442,Ageratina dendroides (Spreng.) R.M. King & H. Rob.,species,Asteraceae,Ageratina,dendroides,(Spreng.) R.M. King & H. Rob.,,,
3521,Lysionotus paucifloris Maxim,species,,Lysionotus,paucifloris,Maxim,,,
3521,Conandron ramondioides Sieb. & Zucc.,species,,Conandron,ramondioides,Sieb. & Zucc.,,,
3523,Melanthera prostrata,species,,Melanthera,prostrata,,,,
3523,Melanthera robusta,species,,Melanthera,robusta,,,,
3523,Melanthera biflora var. ryukyuensis,variety,,Melanthera,biflora,,ryukyuensis,,
3529,Frankenia portulucifolia,species,,Frankenia,portulucifolia,,,,
3609,Espeletia grandiflora Humb. & Bonpl.,species,,Espeletia,grandiflora,Humb. & Bonpl.,,,
3609,Espeletia uribei Cuatrec,species,,Espeletia,uribei,Cuatrec,,,
